{
  "MNIST": {
        "baseline": [52.33, 54.83, 56.95, 54.12, 52.56, 52.34, 50.64, 49.53, 45.2, 50.77],
        "d": [54.32, 46.77, 55.82, 57.36, 48.16, 63.0, 58.47, 52.8, 56.6, 59.6],
        "2d": [53.34, 57.55, 59.89, 55.04, 59.28, 57.08, 56.91, 51.06, 57.56, 62.95],
        "5d": [57.18, 53.42, 57.06, 56.22, 60.05, 49.58, 56.41, 55.89, 55.95, 62.38],
        "d*ln(d)": [59.7, 47.25, 54.86, 54.26, 52.56, 50.85, 59.24, 58.05, 56.8, 55.18],
        "d*log2(d)": [46.79, 56.5, 62.31, 60.16, 51.88, 57.12, 59.3, 57.36, 56.35, 62.19],
        "d^1.5*ln(d)": [56.43, 60.5, 60.4, 61.43, 60.61, 68.87, 57.85, 64.31, 52.51, 57.9],
        "d^2": [53.35, 51.51, 61.52, 53.84, 60.17, 57.92, 66.15, 57.77, 59.33, 55.77]
    },
  "SVHN": {
    "baseline": [
      51.44821757836509, 55.03226797787339, 40.48478795328826, 44.78334357713583, 50.0960356484327,
      52.519975414874004, 49.65043023970498, 49.9539028887523, 52.38936693300553, 51.39059618930547
    ],
    "d": [
	  43.33128457283343, 54.42916410571604, 40.64228641671789, 48.62092808850645, 44.43761524277812,
	  37.707437000614625, 43.86908420405655, 35.63690842040565, 40.803626306084816, 55.447141979102646
    ],
    "2d": [
	  39.01352181929932, 50.391825445605406, 48.0639213275968, 25.987246465888138, 33.577904118008604,
	  39.155654578979714, 45.052243392747386, 44.199446834665025, 46.319913952059004, 44.85633066994468
    ],
    "5d": [
	  50.68377381684081, 47.82959434542102, 43.292870313460355, 49.116472034419175, 39.86631837738168,
	  32.82498463429625, 38.3279655808236, 48.12922556853104, 40.308082360172094, 46.64643515673018
    ],
    "d*ln(d)": [
	  33.25906576521205, 38.990473263675476, 42.84726490473264, 50.38030116779348, 44.84096496619545,
	  35.713736939151815, 48.22141979102643, 54.01044867854948, 36.18239090350338, 42.505377996312234
    ],
    "d*log2(d)": [
      44.30700676090965, 48.25983405039951, 50.74523663183774, 51.16011063306699, 42.2480024585126,
      38.65626920712969, 36.17470805162876, 54.93239090350338, 50.66456668715427, 54.87861094038107
    ],
    "d^1.5*ln(d)": [
      43.08543331284573, 36.15934234787953, 53.422710510141364, 47.74892440073755, 38.18377381684081,
      46.05485556238476, 41.75245851259988, 44.49523663183774, 39.970036877689, 57.29870928088506
    ],
    "d^2": [
      41.94452980946527, 48.87062077443147, 49.98847572218808, 40.988014751075596, 36.270743700061466,
      40.09680393362016, 51.4059618930547, 48.390442532267976, 51.494314689612786, 56.99139520590043
    ]
  }
}