{
  "CIFAR-10": {
    "baseline": [25.07,27.58,25.11,25.1,25.95,26.42,23.25,26.71,24.16,26.73],
    "d": [28.41,25.55,26.24,28.37,22.51,25.84,26.76,24.75,27.2,25.78],
    "2d": [25.5,25.04,28.8,27.42,26.6,27.22,22.72,25.38,28.8,29.65],
    "5d": [26.74,27.16,30.17,23.13,26.11,24.9,28.39,27.26,25.03,27.08],
      "d*ln(d)": [27.97, 25.75, 26.69, 29.71, 26.24, 25.03, 25.91, 25.11, 24.28, 26.12],
    "d*log2(d)": [27.55, 28.1, 28.71, 26.52, 24.0, 25.38, 26.91, 30.12, 27.51, 24.3],
    "d^1.5*ln(d)": [28.21, 24.47, 27.69, 26.68, 26.3, 26.76, 27.7, 28.62, 29.24, 27.61],
    "d^2": [27.84, 29.4, 25.94, 24.53, 24.47, 26.06, 27.41, 24.72, 24.58, 28.55]
  },
  "MNIST": {
    "baseline": [72.77,67.73,72.91,76.14,75.61,70.54,73.81,73.36,74.07,75.86],
    "d": [77.17,78.09,75.23,79.53,78.27,79.85,78.3,79.7,74.18,76.77],
    "2d": [78.22,81.03,73.8,78.51,78.82,77.48,79.54,77.85,78.93,78.65],
    "5d": [78.55,76.74,78.04,80.91,80.43,79.06,78.56,76.68,80.89,77.23],
    "d*ln(d)": [78.41,77.87,77.88,77.87,79.12,76.16,76.67,77.5,78.72,79.04],
    "d*log2(d)": [78.44,79.85,79.31,82.6,75.52,78.75,76.6,79.41,78.58,77.75],
    "d^1.5*ln(d)": [78.43,78.99,78.62,79.22,81.28,78.9,82.67,80.35,77.15,76.75],
    "d^2": [77.56,77.78,78.62,81.43,78.1,79.11,80.84,79.74,79.63,79.74]
  },
  "SVHN": {
    "baseline": [
      23.54025814382299,
      20.17516902274124,
      28.84142593730793,
      18.573294406883836,
      22.491548862937922,
      28.050092194222497,
      21.45820528580209,
      15.684542102028272,
      21.68100799016595,
      22.410878918254458
    ],
    "d": [
      17.65903503380455,
      19.587430854333128,
      26.513521819299324,
      30.485556238475723,
      21.246926859250152,
      22.322526121696374,
      27.174247080516288,
      19.587430854333128,
      20.820528580208972,
      26.732483097725876
    ],
    "2d": [19.349262446220038,20.374923171481253,18.761524277811922,17.075138291333744,19.468346650276583,25.487861094038106,19.560540872771973,19.587430854333128,19.779502151198525,21.166256914566688],
    "5d": [
      18.757682851874616,
      19.587430854333128,
      19.587430854333128,
      23.5479409956976,
      17.13660110633067,
      18.258297480024584,
      19.587430854333128,
      27.30101413644745,
      24.36616472034419,
      30.070682237246466
    ],
    "d*ln(d)": [
      22.44161032575292,
      19.925476336816224,
      17.48617086662569,
      17.924093423478794,
      23.03318992009834,
      12.81499692685925,
      26.955285802089737,
      22.099723417332513,
      25.11140135218193,
      21.058696988322065
    ],
    "d*log2(d)": [
      18.189151813153043,
      19.587430854333128,
      16.310694529809464,
      20.3019360786724,
      28.664720344191764,
      14.897049784880148,
      22.933312845728334,
      24.558236017209587,
      15.407959434542102,
      25.568531038721574
    ],
    "d^1.5*ln(d)": [
      24.11263060848187,
      15.938076213890596,
      27.043638598647817,
      20.616933005531653,
      19.591272280270438,
      22.095881991395206,
      20.278887523048557,
      19.587430854333128,
      19.587430854333128,
      19.15334972341733
    ],
    "d^2": [
      19.587430854333128,
      18.98816840811309,
      18.52719729563614,
      15.938076213890596,
      20.428703134603566,
      23.732329440688382,
      19.587430854333128,
      31.645666871542716,
      14.900891210817456,
      24.900122925629994
    ]
  }
}